video_id,comment_id,parent_id,author,text,likes,published_at
TO_COKkK6Pw,UgzK-W4GbCkz2zTMbSZ4AaABAg,,@JackLipari-ym7eg,"‚ù§   Amen  üôè 
        ALL  IN
        üíØ    ‚ù§",0,2026-01-03T01:57:22Z
TO_COKkK6Pw,UgzK-W4GbCkz2zTMbSZ4AaABAg.ARVUSvNwubrARlgbKUazSw,UgzK-W4GbCkz2zTMbSZ4AaABAg,@Itsbasicbible,Yes!,0,2026-01-09T18:19:20Z
hb9G_3dqr9I,UgygwqPMP7Kvga_4qV94AaABAg,,@JackLipari-ym7eg,‚ù§   Amen,0,2025-12-30T02:48:55Z
hb9G_3dqr9I,UgygwqPMP7Kvga_4qV94AaABAg.ARLHAx9IMpoARN-8pXYPHa,UgygwqPMP7Kvga_4qV94AaABAg,@Itsbasicbible,Amen!,0,2025-12-30T18:49:49Z
BHpr16JbyqY,UgweOARCoYE3nvtkXMR4AaABAg,,@JackLipari-ym7eg,"‚ù§    SO   GOOD  üëç 
         AMEN     ‚ù§",0,2025-12-20T07:28:51Z
BHpr16JbyqY,UgweOARCoYE3nvtkXMR4AaABAg.AQx1GS8QrWlAQxjT6Qv89M,UgweOARCoYE3nvtkXMR4AaABAg,@Itsbasicbible,üôèüôè,0,2025-12-20T14:03:48Z
BHpr16JbyqY,UgwBOjQuGhlvb9cGRQV4AaABAg,,@jonisonsalla6786,Thank you ‚ù§,1,2025-12-20T01:00:11Z
BHpr16JbyqY,UgwBOjQuGhlvb9cGRQV4AaABAg.AQwKmovdevzAQxjUqvDYMD,UgwBOjQuGhlvb9cGRQV4AaABAg,@Itsbasicbible,"Welcome, God bless üôè",1,2025-12-20T14:04:02Z
BHpr16JbyqY,UgwBOjQuGhlvb9cGRQV4AaABAg.AQwKmovdevzAQxjVrNjocG,UgwBOjQuGhlvb9cGRQV4AaABAg,@Itsbasicbible,You‚Äôre welcome üôè,1,2025-12-20T14:04:10Z
GJVnq2MdWOk,UgzN5-Ltihp-sHjbqoh4AaABAg,,@JackLipari-ym7eg,"‚ù§   Amen  üôè 
        It is not the  mountain 
        we  conquer, but 
        ourselves.   ‚ù§",0,2025-12-13T18:34:19Z
WEm0xvO7HDk,Ugyn2dzuIz04m3s-JIZ4AaABAg,,@JackLipari-ym7eg,‚ù§     God   Bless   you    ‚ù§,0,2025-12-06T01:46:19Z
WEm0xvO7HDk,Ugyn2dzuIz04m3s-JIZ4AaABAg.AQNMwRhc4bOAQVE-homWQN,Ugyn2dzuIz04m3s-JIZ4AaABAg,@Itsbasicbible,God bless you üôè,0,2025-12-09T03:02:11Z
7E57K6D-ztc,Ugxg1iydJrcrnMwUYFt4AaABAg,,@Itsbasicbible,"Hope is NOT A STRATEGY precise action is. Don‚Äôt be the person that waits. Begin now, because your purpose can‚Äôt wait on you. The people you‚Äôre called to influence and impact can‚Äôt wait they need what you only have. Trust God and move 

Your Procrastination is the enemy to your breakthrough 

Comment and I‚Äôll personal message you ü§ô",1,2025-12-05T21:45:20Z
7E57K6D-ztc,UgwKGWx_qLY1g5CbRzZ4AaABAg,,@celiagonzalez1997,Amen God bless u,0,2025-12-05T21:56:40Z
7E57K6D-ztc,UgwKGWx_qLY1g5CbRzZ4AaABAg.AQMxeNmR_9xAQNDGOwxYqW,UgwKGWx_qLY1g5CbRzZ4AaABAg,@Itsbasicbible,Thanks for the comment! I would love to have the conversation with you. Please email me so we can begin! Itsbasicbible@gmail.com,0,2025-12-06T00:21:48Z
DG7HhphSyG0,Ugxx8laXAZkJFt0PnIN4AaABAg,,@JackLipari-ym7eg,‚ù§    Amen   üôè,0,2025-12-05T04:54:02Z
DG7HhphSyG0,Ugy73kPY4GCTPzz-UJ94AaABAg,,@Mira-nocturna,Hi you now,0,2025-12-04T23:25:30Z
e2gSSVkbeaI,UgwYBcQ5sXcTplMMOmh4AaABAg,,@liadacrause6121,Get them out of your country before he poisons your communities.,0,2025-12-07T05:02:43Z
e2gSSVkbeaI,UgzpAjGKAkFjPpxqSlh4AaABAg,,@deliaart7304,Open a secret shelter for young ladies who have to run from thier own Parents due to the different religious beliefs that may get them killed. Someone has to step in to help these young ladies from the unhinged parents.,1,2025-12-04T20:14:33Z
e2gSSVkbeaI,UgzpAjGKAkFjPpxqSlh4AaABAg.AQKCAfWh0V-AQUqzJDfjIk,UgzpAjGKAkFjPpxqSlh4AaABAg,@Itsbasicbible,"This is awesome, thank you for sharing your thoughts!",0,2025-12-08T23:32:16Z
e2gSSVkbeaI,UgxAYgo54NCXB_Ymq_F4AaABAg,,@amyblue2765,Assimilate,1,2025-12-03T22:42:18Z
e2gSSVkbeaI,UgxAYgo54NCXB_Ymq_F4AaABAg.AQHtHxP3wdJAQHuUEXQfzP,UgxAYgo54NCXB_Ymq_F4AaABAg,@DarkWhispersAdventures,Or better yet don‚Äôt enforce your beliefs and rights on others when you live in a land of freedom and opportunity so presumably your children can live a better life.,2,2025-12-03T22:52:43Z
e2gSSVkbeaI,UgxAYgo54NCXB_Ymq_F4AaABAg.AQHtHxP3wdJAQJcJb7h2QS,UgxAYgo54NCXB_Ymq_F4AaABAg,@Itsbasicbible,Thanks for the comment!,0,2025-12-04T14:52:28Z
e2gSSVkbeaI,UgxAYgo54NCXB_Ymq_F4AaABAg.AQHtHxP3wdJAQJcL2Hdfhb,UgxAYgo54NCXB_Ymq_F4AaABAg,@Itsbasicbible,"Good thoughts, thank you for sharing!",0,2025-12-04T14:52:39Z
2jMryl3y3Ts,UgzGwQGFncXhtbxZOXZ4AaABAg,,@JackLipari-ym7eg,"‚ù§    Amen   üôè 
        Only  as  high  as 
        I  reach  can
           I  grow",1,2025-12-03T11:45:21Z
2jMryl3y3Ts,UgzGwQGFncXhtbxZOXZ4AaABAg.AQGi6JUy4SgAQJc8RYdsli,UgzGwQGFncXhtbxZOXZ4AaABAg,@Itsbasicbible,Amen!,0,2025-12-04T14:50:56Z
2jMryl3y3Ts,UgzOsJDzJ6pLx8vPTOt4AaABAg,,@CabbagepuIt,The victor is not victorious if the vanquished does not consider himself so,0,2025-12-03T08:52:29Z
2jMryl3y3Ts,UgzOsJDzJ6pLx8vPTOt4AaABAg.AQGPKBP5mecAQJcHLSAq2G,UgzOsJDzJ6pLx8vPTOt4AaABAg,@Itsbasicbible,Thanks for the comment!,1,2025-12-04T14:52:09Z
UU7TLaOj8qY,UgzpFbmiGNIbIrOAgtl4AaABAg,,@JackLipari-ym7eg,‚ù§    Amen  üôè   ‚ù§,0,2025-12-07T14:41:58Z
UU7TLaOj8qY,UgzpFbmiGNIbIrOAgtl4AaABAg.AQRKVNx3mAyAQUqdGb1Fng,UgzpFbmiGNIbIrOAgtl4AaABAg,@Itsbasicbible,Amen!,0,2025-12-08T23:29:16Z
UU7TLaOj8qY,Ugw5K2p1Ojv1ISPCKQV4AaABAg,,@Landry125,AMEN,1,2025-12-02T12:07:27Z
UU7TLaOj8qY,Ugw5K2p1Ojv1ISPCKQV4AaABAg.AQEAqDfsnsLAQEUIdB_MBZ,Ugw5K2p1Ojv1ISPCKQV4AaABAg,@Itsbasicbible,Amen!,0,2025-12-02T14:57:29Z
UU7TLaOj8qY,UgxvBLHtzJFf-q5m7pR4AaABAg,,@dickkickem6472,"Nobody is going to heaven. If God is real, then its not the any God we know. Thats what disinformation does. Its like a big game of telephone",0,2025-12-02T11:25:00Z
7wFtQyMlZc0,Ugz-RqXPhXPGoTXIjEl4AaABAg,,@ClarissaSchoneboom,Thank you‚ù§,1,2025-12-02T13:42:40Z
7wFtQyMlZc0,Ugz-RqXPhXPGoTXIjEl4AaABAg.AQELjapPPEsAQEUHD4j2GV,Ugz-RqXPhXPGoTXIjEl4AaABAg,@Itsbasicbible,You're welcome! have a great day!,0,2025-12-02T14:57:17Z
7wFtQyMlZc0,UgyIAH2SUxedtH27Erd4AaABAg,,@JackLipari-ym7eg,‚ù§‚ù§‚ù§‚ù§‚ù§‚ù§‚ù§,0,2025-11-30T21:59:41Z
7wFtQyMlZc0,UgyIAH2SUxedtH27Erd4AaABAg.AQA5163uFkwAQBdTG32hlo,UgyIAH2SUxedtH27Erd4AaABAg,@Itsbasicbible,God bless üôè,0,2025-12-01T12:28:36Z
fg9FesdLuHA,UgwimihIn2PncHIiw1N4AaABAg,,@katarinawatson3995,This was so good! Lots of value here- surprised tens of thousands haven‚Äôt seen it. God bless you!,1,2025-11-30T20:15:57Z
fg9FesdLuHA,UgwimihIn2PncHIiw1N4AaABAg.AQ9u9SyJXCnAQAkMrJJX6u,UgwimihIn2PncHIiw1N4AaABAg,@Itsbasicbible,Thank you for the encouragement üôè in due time I believe it will. Thank you God Bless üôè,1,2025-12-01T04:09:39Z
fg9FesdLuHA,UgznfVPR1OT1hgli2iV4AaABAg,,@JackLipari-ym7eg,‚ù§   Amen    üôè üôå,0,2025-11-29T20:31:45Z
fg9FesdLuHA,UgznfVPR1OT1hgli2iV4AaABAg.AQ7MAD0oRcVAQ9h5joxSxL,UgznfVPR1OT1hgli2iV4AaABAg,@Itsbasicbible,Amen üôè,0,2025-11-30T18:21:51Z
ecGCJn7hRl4,UgzSEeqGbF5NMZU2mmJ4AaABAg,,@CodyseusRex,Essay in the description is 10/10ü§åüá∫üá∏,10,2025-11-29T07:48:29Z
ecGCJn7hRl4,UgzSEeqGbF5NMZU2mmJ4AaABAg.AQ5zovczkqCAQ9gsbRYWQR,UgzSEeqGbF5NMZU2mmJ4AaABAg,@Itsbasicbible,Appreciate it ü§ô,0,2025-11-30T18:19:55Z
ecGCJn7hRl4,Ugzgzl3ioyJ7mmlw9Sl4AaABAg,,@WinkWonkWonkWonkWonk,Well done,0,2025-12-02T14:22:29Z
ecGCJn7hRl4,Ugzgzl3ioyJ7mmlw9Sl4AaABAg.AQEQIHBX3tpAQEUICP-Z9h,Ugzgzl3ioyJ7mmlw9Sl4AaABAg,@Itsbasicbible,"Thank you, God bless!",0,2025-12-02T14:57:25Z
ecGCJn7hRl4,UgwFEAnqmbwvRK9bkZ14AaABAg,,@TrueAsceticismThroughReformism,Praise the Lord Almighty,1,2025-12-01T20:11:28Z
ecGCJn7hRl4,UgwFEAnqmbwvRK9bkZ14AaABAg.AQCTRRpzcB3AQEUPUY38Ro,UgwFEAnqmbwvRK9bkZ14AaABAg,@Itsbasicbible,Amen!,0,2025-12-02T14:58:25Z
ecGCJn7hRl4,UgwQmCHOZxilGaK7Mi14AaABAg,,@sethshaver1871,"Freedom of religion was designed and intended to ensure people could practice Christianity in the ways they saw fit. Not one church mandated by the state. In no way did they intend Islam to be allowed in this country. Islam must be stamped out or this country, the way we know it, will no longer exist . Some would say the loss of our country has already begun .",0,2025-12-01T19:57:06Z
ecGCJn7hRl4,Ugxik6M2eFBUtLqWydh4AaABAg,,@iambeloved496,"Even though these times are scary, we mustn't fear. All things happen according to God's perfect will.",3,2025-11-30T22:49:12Z
ecGCJn7hRl4,Ugxik6M2eFBUtLqWydh4AaABAg.AQAAgpJt28-AQAkT8c4cpD,Ugxik6M2eFBUtLqWydh4AaABAg,@Itsbasicbible,"I agree thank you for sharing your thoughts, God bless üôè",2,2025-12-01T04:10:30Z
ecGCJn7hRl4,UgzUDqP-Mzdbis3PefR4AaABAg,,@EvaAlveal-mt5hj,AmenüíØüôå,3,2025-11-30T18:06:46Z
ecGCJn7hRl4,UgzUDqP-Mzdbis3PefR4AaABAg.AQ9fNG8ORhoAQ9g8UIoUIL,UgzUDqP-Mzdbis3PefR4AaABAg,@Itsbasicbible,Amen üôè,0,2025-11-30T18:13:29Z
ecGCJn7hRl4,Ugy7jmQE6PuTRUE-QV14AaABAg,,@val_m1999,Absolutely true.  The US is known as the great governing experiment.  It is still under evaluation if it turns around for and towards God (who unifies) to survive or fail due separation of individuals‚Äô ideals (that are impossible in a country of hundreds of millions of citizens).,6,2025-11-30T16:47:37Z
ecGCJn7hRl4,Ugy7jmQE6PuTRUE-QV14AaABAg.AQ9XJWXudP9AQ9gG6zhHJf,Ugy7jmQE6PuTRUE-QV14AaABAg,@Itsbasicbible,"That‚Äôs good, I pray that our people, culture and government repents and turns to God",1,2025-11-30T18:14:32Z
ecGCJn7hRl4,Ugz-oCYlvpCMHeFP_u54AaABAg,,@TwainErickson,Why is America working backward,15,2025-11-29T23:22:51Z
ecGCJn7hRl4,Ugz-oCYlvpCMHeFP_u54AaABAg.AQ7ekNwSDljAQ9gkHyiloV,Ugz-oCYlvpCMHeFP_u54AaABAg,@Itsbasicbible,What ya mean? Like we‚Äôre not following the God of the Bible anymore?,1,2025-11-30T18:18:47Z
ecGCJn7hRl4,Ugz-oCYlvpCMHeFP_u54AaABAg.AQ7ekNwSDljAQI93j_PH7r,Ugz-oCYlvpCMHeFP_u54AaABAg,@TwainErickson,"@Itsbasicbible we are moving so far back from that, its devistating. Idk why we have stopped, nothing good has come from ditching the bible for our country",1,2025-12-04T01:08:55Z
ecGCJn7hRl4,Ugz-oCYlvpCMHeFP_u54AaABAg.AQ7ekNwSDljAQJjhVTUK0g,Ugz-oCYlvpCMHeFP_u54AaABAg,@Itsbasicbible,@TwainErickson Ahhh I see that makes a lot of sense. thank you for clarifying!,1,2025-12-04T15:57:02Z
ecGCJn7hRl4,Ugw_DqUnnIO6dVpe2AV4AaABAg,,@JackLipari-ym7eg,‚ù§   Amen    ‚ù§,11,2025-11-29T20:20:43Z
ecGCJn7hRl4,Ugw_DqUnnIO6dVpe2AV4AaABAg.AQ7KuU5zQPoAQ9h9X1tMDK,Ugw_DqUnnIO6dVpe2AV4AaABAg,@Itsbasicbible,Amen,1,2025-11-30T18:22:22Z
ecGCJn7hRl4,UgxoUuMkYzvduJmGJld4AaABAg,,@Clayton-i9m,Amen brother,8,2025-11-28T22:30:51Z
ecGCJn7hRl4,UgxoUuMkYzvduJmGJld4AaABAg.AQ5--elw_t4AQ9gJgcRlAW,UgxoUuMkYzvduJmGJld4AaABAg,@Itsbasicbible,Amen üôè,1,2025-11-30T18:15:01Z
D-TLQ3YuePk,UgxeydFQh9T2LFPoQSJ4AaABAg,,@onedriveupload2556,"Thank you brother! Amazing testimony! Jesus is the healer, satan is the oppressor ‚úùÔ∏è‚ù§Ô∏è",0,2025-11-30T20:06:43Z
D-TLQ3YuePk,UgxeydFQh9T2LFPoQSJ4AaABAg.AQ9t5lajHk5AQAkPo984lo,UgxeydFQh9T2LFPoQSJ4AaABAg,@Itsbasicbible,"Yes what a profound story! God is good, God bless and I hope this video encourages tons of people!",1,2025-12-01T04:10:03Z
D-TLQ3YuePk,UgzFmq4Hoa_vyoJYfyN4AaABAg,,@Always_Bored96,Idk what more proof you guys need. A 2 year old who probably didn‚Äôt know about Jesus at all before this.,1,2025-11-30T16:08:15Z
D-TLQ3YuePk,UgzFmq4Hoa_vyoJYfyN4AaABAg.AQ9SoDttdluAQ9gJ1vPAYx,UgzFmq4Hoa_vyoJYfyN4AaABAg,@Itsbasicbible,This is powerful thank you!,0,2025-11-30T18:14:56Z
D-TLQ3YuePk,UgyMsgkM1AIiY0ReK3h4AaABAg,,@martha7719,"Jesus  is my friend,  He walks with me Daily ‚ù§‚ù§‚ù§",0,2025-11-30T15:28:58Z
D-TLQ3YuePk,UgyMsgkM1AIiY0ReK3h4AaABAg.AQ9OJVpPjyZAQ9fi2wHQfp,UgyMsgkM1AIiY0ReK3h4AaABAg,@Itsbasicbible,"Yes, amen!",0,2025-11-30T18:09:45Z
D-TLQ3YuePk,Ugy1iiedIg17ylgPwg94AaABAg,,@MerryHaam,Yes ‚ù§,0,2025-11-30T14:36:39Z
D-TLQ3YuePk,Ugy1iiedIg17ylgPwg94AaABAg.AQ9IKHsQd_uAQ9fSRgnmic,Ugy1iiedIg17ylgPwg94AaABAg,@Itsbasicbible,Amen üôè,0,2025-11-30T18:07:29Z
D-TLQ3YuePk,UgyPH5BiEsuBHjG8hPp4AaABAg,,@viccijnr1854,üôè‚ù§Ô∏è,0,2025-11-30T11:13:16Z
D-TLQ3YuePk,UgyPH5BiEsuBHjG8hPp4AaABAg.AQ8w2ioofTHAQ9fjXOB1iC,UgyPH5BiEsuBHjG8hPp4AaABAg,@Itsbasicbible,God bless!,0,2025-11-30T18:09:57Z
D-TLQ3YuePk,UgxPWadqGNwcrJKniLt4AaABAg,,@Brian-isatree4yhvh,Thank you,0,2025-11-30T06:57:31Z
D-TLQ3YuePk,UgxPWadqGNwcrJKniLt4AaABAg.AQ8TmYzN0N0AQ9fHccn3ao,UgxPWadqGNwcrJKniLt4AaABAg,@Itsbasicbible,Welcome!,0,2025-11-30T18:06:00Z
D-TLQ3YuePk,Ugx7YGj1AdWHJkARhdd4AaABAg,,@KathyRomo-h9d,We all know Klhoe is the anointed one in that family so Kim‚Äôs job as a destiny swapper is to degrade her make her feel inadequate and frustrate her to the point that she just hands over the crown. Mark my words Klohe will be the queen of that family this fake Jezebel/ Vashti is being dethroned but it‚Äôs all in Gods timing,0,2025-11-30T05:42:32Z
D-TLQ3YuePk,Ugx7YGj1AdWHJkARhdd4AaABAg.AQ8LCM2TzyeAQ9gN4PY-Yu,Ugx7YGj1AdWHJkARhdd4AaABAg,@Itsbasicbible,Huh?,0,2025-11-30T18:15:29Z
D-TLQ3YuePk,Ugx7YGj1AdWHJkARhdd4AaABAg.AQ8LCM2TzyeAQBsPm2Q0-9,Ugx7YGj1AdWHJkARhdd4AaABAg,@LYDIAHERRERA_COM,@Itsbasicbiblethey were probably commenting on a previous video? And they didn‚Äôt realize they left it here on this video ü§∑üèª‚Äç‚ôÄÔ∏è ..seems like that‚Äôs what happened. Seems like they were watching a Kardashian video.,0,2025-12-01T14:39:11Z
D-TLQ3YuePk,Ugx7YGj1AdWHJkARhdd4AaABAg.AQ8LCM2TzyeAQCACI_0XS-,Ugx7YGj1AdWHJkARhdd4AaABAg,@Itsbasicbible,@LYDIAHERRERA_COMgood point I didn‚Äôt think of that! Thanks for the clarity!,0,2025-12-01T17:23:22Z
D-TLQ3YuePk,Ugx7chydLtF9dEa6QYJ4AaABAg,,@Dee-h9o9d,Amen! In Mighty name of Jesus Christ ‚ù§Ô∏èüôåüôå God is realüôå Praise the Lord‚ù§Ô∏èüôå,1,2025-11-30T05:26:31Z
D-TLQ3YuePk,Ugx7chydLtF9dEa6QYJ4AaABAg.AQ8JMykfi0eAQ9fMZiwWjD,Ugx7chydLtF9dEa6QYJ4AaABAg,@Itsbasicbible,Amen! I love this testimony!,0,2025-11-30T18:06:40Z
D-TLQ3YuePk,UgzAPesuBE3ZH9ZMLDx4AaABAg,,@dezortiz4419,By the glory of God! That child is blessed and will do amazing things in the name of Jesus!,1,2025-11-30T04:30:50Z
D-TLQ3YuePk,UgzAPesuBE3ZH9ZMLDx4AaABAg.AQ8D-D3-eoNAQ9fGi6TcEw,UgzAPesuBE3ZH9ZMLDx4AaABAg,@Itsbasicbible,Amen! I believe it!,0,2025-11-30T18:05:53Z
D-TLQ3YuePk,Ugzv7PWYcEigPoM_NKF4AaABAg,,@Fer123_cas,Amen üôè,0,2025-11-30T01:37:10Z
D-TLQ3YuePk,Ugzv7PWYcEigPoM_NKF4AaABAg.AQ7u78EGx71AQ9fitHr0O7,Ugzv7PWYcEigPoM_NKF4AaABAg,@Itsbasicbible,Amen üôè,0,2025-11-30T18:09:51Z
D-TLQ3YuePk,UgwVjr6tpA8cnkitdRp4AaABAg,,@rubymoon9055,Amen! ‚ù§‚ù§‚ù§,2,2025-11-29T17:42:56Z
D-TLQ3YuePk,UgwVjr6tpA8cnkitdRp4AaABAg.AQ72qkYe6m4AQ9gGbx6gyg,UgwVjr6tpA8cnkitdRp4AaABAg,@Itsbasicbible,Amen,0,2025-11-30T18:14:36Z
D-TLQ3YuePk,UgwjHwQf_vHH3hMHSS54AaABAg,,@enigmafuture,Amen. Thanks for sharing. Just another current day miracle.,3,2025-11-29T17:06:26Z
D-TLQ3YuePk,UgwjHwQf_vHH3hMHSS54AaABAg.AQ6zfRqu5PSAQ9fJ_XWuKG,UgwjHwQf_vHH3hMHSS54AaABAg,@Itsbasicbible,Amen! And you‚Äôre welcome!,0,2025-11-30T18:06:16Z
D-TLQ3YuePk,UgyGlOrOXUPME09dnrp4AaABAg,,@terminal2313,That baby girl was truly blessed by God. Praise Jesus‚úùÔ∏è,15,2025-11-29T16:52:49Z
D-TLQ3YuePk,UgyGlOrOXUPME09dnrp4AaABAg.AQ6y6hMJlcHAQ9fhABfrpQ,UgyGlOrOXUPME09dnrp4AaABAg,@Itsbasicbible,Amen!,0,2025-11-30T18:09:38Z
D-TLQ3YuePk,UgzsCcoxU6M2wLjTo0h4AaABAg,,@LuyandaMasango-h2i,God blessed your child Amen God did ANOTHER miracle we have A GREAT God!!‚ù§Ô∏è‚ù§Ô∏èüòä‚ò∫Ô∏è,4,2025-11-29T13:32:21Z
D-TLQ3YuePk,UgzsCcoxU6M2wLjTo0h4AaABAg.AQ6bAV4BuKhAQ9fOI0vDmM,UgzsCcoxU6M2wLjTo0h4AaABAg,@Itsbasicbible,"Amen, he is great!",0,2025-11-30T18:06:55Z
D-TLQ3YuePk,Ugx9WsgjE8ywCyrgR6l4AaABAg,,@AngelsWork3,Well some name was wrong translated...,0,2025-11-29T13:00:49Z
D-TLQ3YuePk,Ugx9WsgjE8ywCyrgR6l4AaABAg.AQ6YZXSJsRFAQ9gOxWp1E9,Ugx9WsgjE8ywCyrgR6l4AaABAg,@Itsbasicbible,Can you expound?,0,2025-11-30T18:15:44Z
D-TLQ3YuePk,Ugy7wprgSfTQ2kOTKSR4AaABAg,,@dloJESUSMUSIC,JESUS SAVES,55,2025-11-28T22:10:00Z
D-TLQ3YuePk,Ugy7wprgSfTQ2kOTKSR4AaABAg.AQ4xc1mQVbTAQ9gH96tTTa,Ugy7wprgSfTQ2kOTKSR4AaABAg,@Itsbasicbible,He does!,0,2025-11-30T18:14:40Z
D-TLQ3YuePk,UgyAaAHDo2RfggnoU_B4AaABAg,,@JaceDugan-ot3cv,That child is Blessed beyond measure.,30,2025-11-28T07:56:54Z
D-TLQ3YuePk,UgyAaAHDo2RfggnoU_B4AaABAg.AQ3QzkTYZZpAQ45V6w6bBT,UgyAaAHDo2RfggnoU_B4AaABAg,@Itsbasicbible,Amen üôè sure is!,1,2025-11-28T14:08:20Z
D-TLQ3YuePk,UgwMyFlcaiIbKElTntJ4AaABAg,,@southerngal7613,Thank you Jesus!! ‚ù§,15,2025-11-26T23:35:40Z
D-TLQ3YuePk,UgwMyFlcaiIbKElTntJ4AaABAg.AQ-xpdXOk9KAQ0I0VMXJsI,UgwMyFlcaiIbKElTntJ4AaABAg,@Itsbasicbible,Amen! God bless,0,2025-11-27T02:40:47Z
D-TLQ3YuePk,UgxvIVHmH1cHVPTVdat4AaABAg,,@PatriotDefenseMissles,Beautiful...,10,2025-11-26T22:10:55Z
D-TLQ3YuePk,UgxvIVHmH1cHVPTVdat4AaABAg.AQ-o7yMq9FbAQ0I-9ucNAk,UgxvIVHmH1cHVPTVdat4AaABAg,@Itsbasicbible,Thank you Jesus for rescuing the girl üôè,0,2025-11-27T02:40:36Z
D-TLQ3YuePk,UgzLHUFHy7LgMWibtWV4AaABAg,,@randallparaday4102,Thank you thank you thank you Jesus!!! Praise God!!!!,48,2025-11-26T21:57:05Z
D-TLQ3YuePk,UgzLHUFHy7LgMWibtWV4AaABAg.AQ-mYb5XgnVAQ0I-kcGQ9F,UgzLHUFHy7LgMWibtWV4AaABAg,@Itsbasicbible,Amen!,1,2025-11-27T02:40:41Z
b3zNOXfUgCo,Ugw3tky8GPmKmLMwU7R4AaABAg,,@JackLipari-ym7eg,‚ù§    Thank  you   for  sharing   ‚ù§,0,2025-11-24T23:02:23Z
b3zNOXfUgCo,Ugw3tky8GPmKmLMwU7R4AaABAg.APvkR7LG7xEAPxYQO1mwvo,Ugw3tky8GPmKmLMwU7R4AaABAg,@Itsbasicbible,You‚Äôre welcome üôè,0,2025-11-25T15:47:10Z
u8HR3Lc6wWA,UgzRjTaLG21IrugPMi54AaABAg,,@Flowersandbirds-u8p,Amen,0,2025-11-17T06:47:31Z
u8HR3Lc6wWA,UgzRjTaLG21IrugPMi54AaABAg.APbzIqdk4hhAPxYVIpKfL4,UgzRjTaLG21IrugPMi54AaABAg,@Itsbasicbible,Amen,0,2025-11-25T15:47:50Z
u8HR3Lc6wWA,Ugy_wZAT3X9VCwAkPPV4AaABAg,,@JackLipari-ym7eg,‚ù§     Amen,0,2025-11-17T01:31:49Z
u8HR3Lc6wWA,Ugy_wZAT3X9VCwAkPPV4AaABAg.APbQAekwlgkAQ9hA5ijycE,Ugy_wZAT3X9VCwAkPPV4AaABAg,@Itsbasicbible,Amen üôè,0,2025-11-30T18:22:27Z
u8HR3Lc6wWA,Ugw1O20SotjRyV2J7cR4AaABAg,,@WhoTheLoL,"God doesn't want anything. He's made up, or at least should be considered such until sufficient evidence is provided.

You can argue that some ancient dude wrong a passage in some ancient book that could be interpreted the way you do. That's about it.",1,2025-11-17T00:13:35Z
u8HR3Lc6wWA,Ugw1O20SotjRyV2J7cR4AaABAg.APbHDa-lTkPAPbPXlMHmcM,Ugw1O20SotjRyV2J7cR4AaABAg,@Java.brav.Jake_1,"I understand why people believe that God isn't, real but from what I have seen and the proof I do not agree. Now a lot of people say that ""There isn't 100% proof of God, so he can't be real."" But as Cliffe Knechtle said ""you do not go to the pharmacist with a testing kit to see if they have given you the right medicine. You have faith that the pharmacist gives you the right medicine to help you heal."" We all have faith in everything, faith for your car to work in the morning, Faith that your friends will be loyal, Faith that you will still be alive tomorrow. We have faith in literally every aspect of our lives so to have faith in God doesn't seem as bold after that, and that is why I see it differently. 

(If you have any questions, or you think I'm wrong in anyway you can respond and I'll try to rebuttal. üí™)",2,2025-11-17T01:26:14Z
u8HR3Lc6wWA,Ugw1O20SotjRyV2J7cR4AaABAg.APbHDa-lTkPAPbvd-3ursu,Ugw1O20SotjRyV2J7cR4AaABAg,@WhoTheLoL,"‚Äã‚Äã@Java.brav.Jake_1 I dont get into detailed discussions in YT comments, its counterproductive. I am open to connecting on zoom with a believer who wants to debate :).

Briefly:
What Cliffe is saying is just wordplay around equivocation of the word ""faith"". Yes, we don't live our lives requiring 100% proof of everything, but to say we have ""faith"" that a pharmacist gives me the right medicine is a blatant abuse of the word ""faith"". 

For the two ""beliefs"" (that I can go to a pharmacy and get functioning medicine, vs god existing) to be on equal footing when it comes to available evidence, and thus require similar kind of ""faith"", I would have to decide to go to a pharmacy X seeking medicine Y to cure illness Z, when:
- there is no evidence the pharmacy X exists
- there is no evidence the medicine Y exists 
- there is no evidence illness Z can be cured with medicine Y, that illness Z can be cured at all or that illness Z is even real and I actually have it.
- I am actually locked in shut in my home and can't actually go anywhere

You would agree that with this level of supporting evidence, believing that I can go to pharmacy X to get medicine Y to cure my illness Z would be pretty insane.

That's how much of an evidentiary gap exists between the god story and going to a pharmacy for medicine. The god story people believe in is based solely on an ancient book full of crap (6 day creation, flood, tower of babel, exodus, dude walking on water, resurrection), none of which are supported by any real evidence other than the story itself. Even if you dismiss these specific stories as metaphorical, that just means you have a book of fantastical poetry for evidence, which makes it even weaker. But even without the obviously fake stories, all versions of god belief require magic and bodyless minds at play, for which there is no evidence either. There is no reliable evidence that ANYTHING supernatural ever happened, cause all careful observations ever properly documented reveal nothing but nature doing natural stuff. The best you can find is low-probability events happening with low frequency, which is perfectly normal, but labeled as ""miracles"" by believers who just want to see god in everything.

If there exists a hypothesis so terribly devoid of reliable evidence in its favor that it deserves to be rejected for nothing else than intellectual integrity, then the god hypothesis is that. That's my reason for atheism - I believe in epistemic responsibility, that we are practically and morally obligated to seek accurate understanding of the universe around us, because acting on nonsense beliefs is likely to cause nonsense results that can be harmful to us and others. The god story has nothing to support its truthness except an old book of fairy tales and a pile of fallacious pseudophilosophical drivel that's accumulated over 2 millennia. The amount of reliable evidence remains zero, while the evidence to the contrary piles up.",0,2025-11-17T06:15:27Z
u8HR3Lc6wWA,Ugw1O20SotjRyV2J7cR4AaABAg.APbHDa-lTkPAPxYd7nqrJL,Ugw1O20SotjRyV2J7cR4AaABAg,@Itsbasicbible,"Gotcha, thanks for your thoughts and comment I appreciate it üôè",0,2025-11-25T15:49:02Z
u8HR3Lc6wWA,UgzV9D-TMx62IiQu1cp4AaABAg,,@eileenbenson1294,Amen ‚ù§,1,2025-11-16T23:46:51Z
u8HR3Lc6wWA,UgzV9D-TMx62IiQu1cp4AaABAg.APbE9oaiwcGAPxYZvCQHe8,UgzV9D-TMx62IiQu1cp4AaABAg,@Itsbasicbible,Amen üôè,0,2025-11-25T15:48:28Z
u8HR3Lc6wWA,Ugzhi8nqNVTQTB1rnQ14AaABAg,,@pattyd8480,Anyone who has Jesus is rich beyond measure!! üôèüòä,4,2025-11-16T23:16:51Z
u8HR3Lc6wWA,Ugzhi8nqNVTQTB1rnQ14AaABAg.APbAj0tXANOAPxYW8vHvul,Ugzhi8nqNVTQTB1rnQ14AaABAg,@Itsbasicbible,That‚Äôs good!,0,2025-11-25T15:47:57Z
mCAKQM7IvpY,UgxGiSxNhy1bnRxBfUV4AaABAg,,@JackLipari-ym7eg,‚ù§    King    ‚ù§    Jesus    ‚ù§,0,2025-11-15T13:15:11Z
mCAKQM7IvpY,UgxGiSxNhy1bnRxBfUV4AaABAg.APYX4Urg0d5APaKjjDb0iu,UgxGiSxNhy1bnRxBfUV4AaABAg,@Itsbasicbible,Amen!,0,2025-11-16T15:25:05Z
mCAKQM7IvpY,UgxGiSxNhy1bnRxBfUV4AaABAg.APYX4Urg0d5APaLfBSuTyT,UgxGiSxNhy1bnRxBfUV4AaABAg,@N3rd-s1h,@Itsbasicbible are you trying to back out of this,0,2025-11-16T15:33:12Z
mCAKQM7IvpY,UgxFNNx_70WzLe0n3jh4AaABAg,,@CodyseusRex,If the West doesnt have enough kids then this will absolutely be the future of America. Pedo-islam is waging demographic war and nobody bats an eyeü§¶‚Äç‚ôÇÔ∏è,0,2025-11-15T06:59:22Z
mCAKQM7IvpY,UgwbTB4eI4iuJE3xGV94AaABAg,,@N3rd-s1h,What Muslim leaders. It is time for factchecking.,2,2025-11-14T22:14:47Z
mCAKQM7IvpY,UgwbTB4eI4iuJE3xGV94AaABAg.APWv1inMX7HAPYZ_0qHVc9,UgwbTB4eI4iuJE3xGV94AaABAg,@Itsbasicbible,"The ones that are speaking. You don‚Äôt need to have a certain position to be a leader. You can be a leader in your own community, school, work place, etc. 

And yes I agree with you fact checking is important, thank you for bringing this up ü§ô",0,2025-11-15T13:36:58Z
mCAKQM7IvpY,UgwbTB4eI4iuJE3xGV94AaABAg.APWv1inMX7HAPYc6hcSucP,UgwbTB4eI4iuJE3xGV94AaABAg,@N3rd-s1h,@Itsbasicbible can you define a leader,0,2025-11-15T14:07:55Z
mCAKQM7IvpY,UgwbTB4eI4iuJE3xGV94AaABAg.APWv1inMX7HAPYd-Ut-Bz1,UgwbTB4eI4iuJE3xGV94AaABAg,@Itsbasicbible,"@N3rd-s1hsure from Merriam webster someone who directs another's way : GUIDE, CONDUCTOR

Here‚Äôs what it means to lead according to the merriam webster dictionary 

to guide on a way especially by going in advance

b: to direct on a course or in a direction

Lastly, the etymology for leader, lead, leadership means to guide or conduct. 

Not sure if you heard of John Maxwell but being a leader is also having influence. We are all a leader to an extent because we do influence people around us intentionally and unintentionally. 

What do you think a leader is? 

Thanks for responding ü§ô",1,2025-11-15T14:15:40Z
mCAKQM7IvpY,UgwbTB4eI4iuJE3xGV94AaABAg.APWv1inMX7HAPYftZ50zy4,UgwbTB4eI4iuJE3xGV94AaABAg,@N3rd-s1h,"@Itsbasicbible I just know that in order to have a discussion on someone's statement, you must know what they are meaning",1,2025-11-15T14:40:56Z
mCAKQM7IvpY,UgwbTB4eI4iuJE3xGV94AaABAg.APWv1inMX7HAPYg8jav1wA,UgwbTB4eI4iuJE3xGV94AaABAg,@N3rd-s1h,"@Itsbasicbible, so your definition of a leader is anyone who takes charge, or in other words, makes their point known, correct?",0,2025-11-15T14:43:09Z
a1A7yE9ORiA,UgzT3rcPtPKLzAEat_V4AaABAg,,@JackLipari-ym7eg,‚ù§   AMEN   üôè,0,2025-11-12T23:54:49Z
a1A7yE9ORiA,UgzT3rcPtPKLzAEat_V4AaABAg.APRwtidVK0AAPUrXbnu26L,UgzT3rcPtPKLzAEat_V4AaABAg,@Itsbasicbible,Amen!,0,2025-11-14T03:05:42Z
GcJSClOJgb0,UgwtJkF0WTewzRas4Wd4AaABAg,,@styleinistit,"This is why education is important, otherwise you spew mistical aberations like this.",0,2025-11-30T23:03:28Z
GcJSClOJgb0,UgwtJkF0WTewzRas4Wd4AaABAg.AQACKL51K-jAQBdtoFgAdg,UgwtJkF0WTewzRas4Wd4AaABAg,@Itsbasicbible,Thanks for the comment bro ü§ô I hope you have a great day,0,2025-12-01T12:32:21Z
GcJSClOJgb0,UgwtJkF0WTewzRas4Wd4AaABAg.AQACKL51K-jAQBxeVltRGn,UgwtJkF0WTewzRas4Wd4AaABAg,@styleinistit,"thanks, ‚Äúbro‚Äù, you too!",0,2025-12-01T15:25:02Z
GcJSClOJgb0,UgwtJkF0WTewzRas4Wd4AaABAg.AQACKL51K-jAQCA74DcFXE,UgwtJkF0WTewzRas4Wd4AaABAg,@Itsbasicbible,@styleinistitwelcome ü§ô,0,2025-12-01T17:22:40Z
GcJSClOJgb0,UgwtJkF0WTewzRas4Wd4AaABAg.AQACKL51K-jAQCC_nNPr5S,UgwtJkF0WTewzRas4Wd4AaABAg,@styleinistit,üò¢,0,2025-12-01T17:44:12Z
GcJSClOJgb0,UgzAhU65pNxRVYa3rzR4AaABAg,,@styleinistit,brainwashing,0,2025-11-30T23:02:49Z
GcJSClOJgb0,UgyAOVjO9-ptfqjeofx4AaABAg,,@Afollowerofjesus1,Jesus Christ died on the cross to save our lives. He paid the penalty for our sins. Now we can live with Him forever if we put our faith in Him. He will heal you. He will comfort you. Your room is prepared in heaven. Just choose Him. And commit to Him for the rest of your life ‚ù§Ô∏è‚úùÔ∏è,0,2025-11-12T18:53:40Z
GcJSClOJgb0,UgyAOVjO9-ptfqjeofx4AaABAg.APRPQyBwdOhAPUrYdDAx3Y,UgyAOVjO9-ptfqjeofx4AaABAg,@Itsbasicbible,Amen!,0,2025-11-14T03:05:50Z
GcJSClOJgb0,UgyhNifABv2r2WHZs8h4AaABAg,,@KittyLit-y2l,Meet Bryce Crawford üòä‚ù§‚ù§,0,2025-11-12T01:25:00Z
GcJSClOJgb0,UgyhNifABv2r2WHZs8h4AaABAg.APPXQICLWgvAPP_yv3g8p6,UgyhNifABv2r2WHZs8h4AaABAg,@Itsbasicbible,He would be a cool person to meet,2,2025-11-12T01:56:04Z
GcJSClOJgb0,UgyhNifABv2r2WHZs8h4AaABAg.APPXQICLWgvAPPaEwLT1ny,UgyhNifABv2r2WHZs8h4AaABAg,@KittyLit-y2l,@Itsbasicbibleright üòÇ,0,2025-11-12T01:58:24Z
GcJSClOJgb0,UgxhbtIPf1pxVojRdFB4AaABAg,,@JackLipari-ym7eg,‚ù§   Amen   üôè   Amen,0,2025-11-11T22:13:33Z
GcJSClOJgb0,UgxhbtIPf1pxVojRdFB4AaABAg.APPBW73eUA9APPRyr8A5Ec,UgxhbtIPf1pxVojRdFB4AaABAg,@Itsbasicbible,Amen üôè,0,2025-11-12T00:37:25Z
sotsxF7UcNg,UgwKwxxozvvZYftz4cp4AaABAg,,@JackLipari-ym7eg,Amen   üôè üôè,0,2025-11-11T22:11:45Z
sotsxF7UcNg,UgwKwxxozvvZYftz4cp4AaABAg.APPBIv1-fDZAPPS0Q-2zzG,UgwKwxxozvvZYftz4cp4AaABAg,@Itsbasicbible,Amen!,0,2025-11-12T00:37:46Z
sotsxF7UcNg,Ugx6eIZlHrRnFEpZVJR4AaABAg,,@CristinaHernandez-et6yw,War is a sin yet we ask for your children to go give their lives for senseless politics.,0,2025-11-10T22:18:12Z
sotsxF7UcNg,Ugx6eIZlHrRnFEpZVJR4AaABAg.APMcFIp2pAjAPMkTO0GK9I,Ugx6eIZlHrRnFEpZVJR4AaABAg,@Itsbasicbible,Thanks for the comment üôè yes I agree that many people have lost their lives to senseless conflict.,0,2025-11-10T23:30:02Z
pX4zgdtQPe0,UgxIqaQP-3ZxkgXCj594AaABAg,,@eileenbenson1294,"Yes, this is absolutely true, great video ‚ù§ THANK YOU!!!!",0,2025-11-09T03:25:21Z
pX4zgdtQPe0,UgxIqaQP-3ZxkgXCj594AaABAg.API0oBwGDTHAPMk3npgLtl,UgxIqaQP-3ZxkgXCj594AaABAg,@Itsbasicbible,You‚Äôre welcome!,0,2025-11-10T23:26:32Z
pX4zgdtQPe0,UgwlVDQey2kEx3bEfSp4AaABAg,,@JackLipari-ym7eg,‚ù§‚ù§‚ù§,2,2025-11-08T22:58:29Z
pX4zgdtQPe0,UgwlVDQey2kEx3bEfSp4AaABAg.APHYGcL_6v0APMmK-Pf_Ov,UgwlVDQey2kEx3bEfSp4AaABAg,@Itsbasicbible,Amen!,0,2025-11-10T23:46:14Z
96U6JcKBMfw,UgyxD2wRbYuT7XcNUD54AaABAg,,@NousServons,"American liberals are stupid, but useful for they know not our true agenda, Joseph Stalin. Sad but true.",0,2025-11-09T03:26:37Z
96U6JcKBMfw,UgzojyDzACSu-ao9h794AaABAg,,@kuppcorp,these arent even political issues just cultural issues,0,2025-11-08T00:21:56Z
96U6JcKBMfw,UgzojyDzACSu-ao9h794AaABAg.APF70tpj7AJAPMkEzvAfZI,UgzojyDzACSu-ao9h794AaABAg,@Itsbasicbible,"You know that‚Äôs a great thought! Could it be that this is not a culture issue but first and foremost a family issue? 

I think about it like this the culture is shaped by the families, and the government is influenced by the culture",0,2025-11-10T23:28:04Z
96U6JcKBMfw,UgzCeSLGp3CvygmnYV54AaABAg,,@ianleamy7790,Why do any of you waste your time thinking about this,1,2025-11-07T23:32:16Z
96U6JcKBMfw,UgzCeSLGp3CvygmnYV54AaABAg.APF1L4_T9y0APMk75V_pAs,UgzCeSLGp3CvygmnYV54AaABAg,@Itsbasicbible,Why do you think it‚Äôs a waste of time?,0,2025-11-10T23:26:59Z
96U6JcKBMfw,UgxYJ258LOUu_rOlBFN4AaABAg,,@Natusiterum2023,Just look at the UK. We cannot be heard or seen praying in public. We ARE a minority in our own country. On 20 years islam will have taken over our once beautiful Christian  country.,1,2025-11-07T23:14:50Z
96U6JcKBMfw,UgxYJ258LOUu_rOlBFN4AaABAg.APF-LPLOEuCAPI-kAk6bJT,UgxYJ258LOUu_rOlBFN4AaABAg,@NousServons,"They're attacking western society as a whole and people better wake up because the left has aligned with Islam and they want total control, Agenda 2030.",0,2025-11-09T03:16:04Z
96U6JcKBMfw,UgxYJ258LOUu_rOlBFN4AaABAg.APF-LPLOEuCAPMkO51snox,UgxYJ258LOUu_rOlBFN4AaABAg,@Itsbasicbible,"Thank you for sharing üôè yes this can be a concern for believers, but I think this really helps us. Keep our focused on what God is doing and trust him because he is the one that establishes kings and rulers and seasons and times.",1,2025-11-10T23:29:18Z
96U6JcKBMfw,UgyqswyhjVTpJW3LSa94AaABAg,,@paulbarton6141,Who are these people talking? Names??,1,2025-11-07T22:33:06Z
96U6JcKBMfw,UgyqswyhjVTpJW3LSa94AaABAg.APEvZn30T1UAPEzSsp_v_h,UgyqswyhjVTpJW3LSa94AaABAg,@Itsbasicbible,Dinesha D'souza and Mohammad Tawhidi,0,2025-11-07T23:07:06Z
96U6JcKBMfw,UgyqswyhjVTpJW3LSa94AaABAg.APEvZn30T1UAPEzxtyGmUs,UgyqswyhjVTpJW3LSa94AaABAg,@paulbarton6141,‚Äã@Itsbasicbiblethank you,0,2025-11-07T23:11:29Z
96U6JcKBMfw,Ugy8EUSl81HRnhL99uV4AaABAg,,@bluebandites,Gang tf is this u generalising all left on one persons thought üòÇüòÇüòÇ,1,2025-11-07T22:31:23Z
96U6JcKBMfw,Ugy8EUSl81HRnhL99uV4AaABAg.APEvN9nY7IXAPMkIQo5rVZ,Ugy8EUSl81HRnhL99uV4AaABAg,@Itsbasicbible,What makes you think I‚Äôm generalizing?,0,2025-11-10T23:28:32Z
96U6JcKBMfw,Ugzjk-gC0rqugPjkcuJ4AaABAg,,@yessuh9669,This is brainrot,1,2025-11-07T21:54:59Z
96U6JcKBMfw,Ugzjk-gC0rqugPjkcuJ4AaABAg.APErCg7d7UjAPEzWwiQPxi,Ugzjk-gC0rqugPjkcuJ4AaABAg,@Itsbasicbible,LOL,0,2025-11-07T23:07:40Z
NFv0c4n6oqc,Ugz1fsYnRQ9Gg6Kf77J4AaABAg,,@JackLipari-ym7eg,‚ù§    Amen  üôè  Amen     ‚ù§,0,2025-11-08T01:24:11Z
NFv0c4n6oqc,Ugz1fsYnRQ9Gg6Kf77J4AaABAg.APFE8uya22HAPMk4KluIWP,Ugz1fsYnRQ9Gg6Kf77J4AaABAg,@Itsbasicbible,Amen üôè,0,2025-11-10T23:26:37Z
k7jMjlCJWqk,UgzYtpcRqn9PTGkMpix4AaABAg,,@KittyLit-y2l,TY my friend,0,2025-11-07T03:02:20Z
k7jMjlCJWqk,UgzYtpcRqn9PTGkMpix4AaABAg.APCp_qL5OzfAPEhj1Bkgp_,UgzYtpcRqn9PTGkMpix4AaABAg,@Itsbasicbible,Welcome!,1,2025-11-07T20:32:10Z
k7jMjlCJWqk,UgwRhrk9csMwZAYli914AaABAg,,@AiBibleTestament,Say it bro! üî•üî•üî•,0,2025-11-06T14:58:13Z
k7jMjlCJWqk,UgwRhrk9csMwZAYli914AaABAg.APBXiEEc6bvAPBfsLYz5Jl,UgwRhrk9csMwZAYli914AaABAg,@Itsbasicbible,Appreciate you bro üëä,1,2025-11-06T16:18:14Z
k7jMjlCJWqk,UgyTPtvcjhUVmenzrR54AaABAg,,@eileenbenson1294,"Oh my gosh, i so needed to hear this,  because I'm so guilty of this behavior,  Thank you for settling me straight,  AMEN ‚ù§‚ù§‚ù§",1,2025-11-06T03:13:38Z
k7jMjlCJWqk,UgyTPtvcjhUVmenzrR54AaABAg.APAH4mbc9xfAPBF8CYeIGJ,UgyTPtvcjhUVmenzrR54AaABAg,@Itsbasicbible,Amen! I‚Äôm glad God spoke to you. God bless üôè,2,2025-11-06T12:15:52Z
k7jMjlCJWqk,UgxHKNtuC-0IyNgZ6PF4AaABAg,,@rossfelton1955,Forgive 7 times 70.  How many times has God forgiven you.  God is love.  Jesus Christ saves,1,2025-11-06T00:24:49Z
k7jMjlCJWqk,UgxHKNtuC-0IyNgZ6PF4AaABAg.AP9ylKFw4jwAPBFBQ4pD-T,UgxHKNtuC-0IyNgZ6PF4AaABAg,@Itsbasicbible,Amen üôè God forgives me constantly,1,2025-11-06T12:16:19Z
k7jMjlCJWqk,UgxZ7tHrbvnjsfKm2al4AaABAg,,@JackLipari-ym7eg,‚ù§    I   WILL   OBEY  GOD    ‚ù§,1,2025-11-05T00:29:16Z
k7jMjlCJWqk,UgxZ7tHrbvnjsfKm2al4AaABAg.AP7PTxh09nwAP8tunsKWVL,UgxZ7tHrbvnjsfKm2al4AaABAg,@Itsbasicbible,Amen!,1,2025-11-05T14:23:11Z
_6cBM2xn2kA,UgwKu3KAn8Ufy2v-3yd4AaABAg,,@eileenbenson1294,"Amen., STRAIGHT OUT OF THE BIBLE...God Bless,  Thank you once again",0,2025-11-08T05:29:03Z
_6cBM2xn2kA,UgwKu3KAn8Ufy2v-3yd4AaABAg.APFfAGo9Y0-APMkUvvRIej,UgwKu3KAn8Ufy2v-3yd4AaABAg,@Itsbasicbible,You‚Äôre welcome üôè,1,2025-11-10T23:30:14Z
_6cBM2xn2kA,UgxWKZJRxyt_udYJjIx4AaABAg,,@hnan-m,"O Christ-worshippers, we have a question,
seeking its answer from those who [allegedly] understand.

If The God was murdered by a people's action,
what kind of God is this ‚Äì do you not understand?

Was He pleased by what they did to Him?
If yes, glad tidings to them for achieving Pleasure Divine and Grand,


But if He was discontented of their action on Him,
This means their power had subjugated His Power and Command!

Was the entire existence left without a God sustaining,
Or listening to the supplications [let alone answer] from across the land?


And has there become a vacancy in the seven Heavens,
When He laid under the ground despite being above and beyond?

And were all the worlds left without a Divine Being,
to manage while nails pierced His Hand?
Ÿè

And how dare the Angels leave Him wailing,
Not helping nor saving ‚Äì while watching from around?

How could the wooden sticks be bearing,
The Weight of the True God when He was fastened,
O CHRIST-WORSHIPPERS! POEM BY IBN UL QAYYIM
2 of 3

And how could the iron nails pierce Him,
Thus harming Him, did He fail to withstand?
Ÿè

And how could His enemies' hands and grim,
reach Him and slap His rear ‚Äì is this logical or sound?

And was Christ ‚Äì to Himself - reviving,
or was there another Reviver around?

Amazing that a grave ‚Äì to God ‚Äì was confining,
Stranger even is the belly in which He was inside!

For nine months, He was remaining,
Fed through blood, in darkness, shut-eyed!
Ÿã

Then he was pulled out of the womb as a small baby,
Weak, for milk, he was gasping and open-mouthed!

He ate and drank, and did what that resulted naturally,
Is this [what you call] a god? No logic found!

High and Exalted be Allah above the lies of Christianity,
All of these liars will be held accountable for their libels so profound!

O Cross-worshippers, for what reasoning,
Is exalted or blamed those who reject it and throw it on the ground?
O CHRIST-WORSHIPPERS! POEM BY IBN UL QAYYIM
3 of 3

Is it not logical for the cross to be broken,
along with the ones who innovated it and are crowned?
Ÿã

Since the God was placed on it while hating -
it and His Hands were fastened well and nailed?

That is really a cursed cross to be carrying,
So, discard it, do not kiss it when it is sighted around!

The Lord of creation was humiliated on it and dying,
and you worship it? You are one of His enemies as those in the Holy Land!
Ÿí

If ‚Äì to the cross ‚Äì you remain exalting,
Because to the Lord of the worshipper, it could withstand,
Ÿí

And when the cross is hidden, then indeed,
Seeing what resembles it reminds of what happened.

So, why don't you prostrate yourself and worship grounds of burying,
Since, in the grave, your God was contained!

So, Christ-worshippers, wake up and start seeing,
That this is what the matter in entirety ‚Äì simply explained",0,2025-11-01T11:51:03Z
_6cBM2xn2kA,UgzTEkS_bI4Mrq0fYqZ4AaABAg,,@Bradley_XZ,Life,0,2025-11-01T06:37:33Z
_6cBM2xn2kA,UgzTEkS_bI4Mrq0fYqZ4AaABAg.AOylRquXsqXAOymsYCc2WW,UgzTEkS_bI4Mrq0fYqZ4AaABAg,@Itsbasicbible,"Congratulations!! Now you‚Äôre a child of God, and I want to help you on this journey with Christ! Be sure to click the link in the bio so I can help you! 

God bless üôè",0,2025-11-01T06:50:04Z
_6cBM2xn2kA,UgzbduUY5ZZ6WF5I7cN4AaABAg,,@JackLipari-ym7eg,"‚ù§    Amen   üôè 
         Life  is   so  much 
         better   with 
         JESUS             ‚ù§",0,2025-10-31T23:07:35Z
_6cBM2xn2kA,UgzbduUY5ZZ6WF5I7cN4AaABAg.AOxxxCEaiTlAOymtXdg8LD,UgzbduUY5ZZ6WF5I7cN4AaABAg,@Itsbasicbible,Amen üôè,0,2025-11-01T06:50:12Z
HX8TgNbttvQ,UgywkxU0wVre5eaokAh4AaABAg,,@JackLipari-ym7eg,"‚ù§    JESUS   IS   LORD    ‚ù§
         Thank   you   for   saying 
        with  us     ‚ù§",0,2025-10-17T21:27:55Z
